epoque,gagnant,nombre_de_victoires
1873 à 1892,Canada,1
1873 à 1892,England,27
1873 à 1892,Northern Ireland,2
1873 à 1892,Scotland,37
1873 à 1892,United States,1
1873 à 1892,Wales,9
1893 à 1912,Argentina,13
1893 à 1912,Austria,11
1893 à 1912,Belgium,14
1893 à 1912,Catalonia,1
1893 à 1912,Czechoslovakia,1
1893 à 1912,Denmark,1
1893 à 1912,England,46
1893 à 1912,France,7
1893 à 1912,Germany,5
1893 à 1912,Hungary,21
1893 à 1912,Italy,1
1893 à 1912,Netherlands,18
1893 à 1912,Northern Ireland,10
1893 à 1912,Norway,1
1893 à 1912,Scotland,33
1893 à 1912,Sweden,8
1893 à 1912,Switzerland,4
1893 à 1912,Uruguay,10
1893 à 1912,Wales,12
1913 à 1932,Argentina,67
1913 à 1932,Asturias,1
1913 à 1932,Australia,4
1913 à 1932,Austria,61
1913 à 1932,Barbados,5
1913 à 1932,Basque Country,7
1913 à 1932,Belarus,1
1913 à 1932,Belgium,27
1913 à 1932,Brazil,22
1913 à 1932,Brittany,2
1913 à 1932,Bulgaria,9
1913 à 1932,Canada,5
1913 à 1932,Catalonia,3
1913 à 1932,Central Spain,1
1913 à 1932,Chile,4
1913 à 1932,China PR,7
1913 à 1932,Costa Rica,2
1913 à 1932,Curaçao,4
1913 à 1932,Czechoslovakia,39
1913 à 1932,Denmark,41
1913 à 1932,Dominica,1
1913 à 1932,Egypt,2
1913 à 1932,El Salvador,2
1913 à 1932,England,40
1913 à 1932,Estonia,19
1913 à 1932,Finland,22
1913 à 1932,France,20
1913 à 1932,Galicia,2
1913 à 1932,Germany,25
1913 à 1932,Greece,2
1913 à 1932,Guatemala,1
1913 à 1932,Guyana,7
1913 à 1932,Haiti,2
1913 à 1932,Honduras,1
1913 à 1932,Hungary,54
1913 à 1932,Italy,36
1913 à 1932,Jamaica,6
1913 à 1932,Japan,1
1913 à 1932,Kenya,2
1913 à 1932,Latvia,17
1913 à 1932,Lithuania,6
1913 à 1932,Luxembourg,1
1913 à 1932,Martinique,1
1913 à 1932,Mexico,4
1913 à 1932,Netherlands,24
1913 à 1932,New Zealand,5
1913 à 1932,Northern Ireland,10
1913 à 1932,Norway,29
1913 à 1932,Paraguay,16
1913 à 1932,Peru,1
1913 à 1932,Philippines,2
1913 à 1932,Poland,17
1913 à 1932,Portugal,7
1913 à 1932,Republic of Ireland,4
1913 à 1932,Romania,18
1913 à 1932,Russia,3
1913 à 1932,Scotland,35
1913 à 1932,South Africa,1
1913 à 1932,Spain,22
1913 à 1932,Sweden,67
1913 à 1932,Switzerland,20
1913 à 1932,Trinidad and Tobago,6
1913 à 1932,Turkey,7
1913 à 1932,Uganda,4
1913 à 1932,Ukraine,1
1913 à 1932,United States,6
1913 à 1932,Uruguay,52
1913 à 1932,Wales,13
1913 à 1932,Yugoslavia,22
1933 à 1952,Albania,6
1933 à 1952,Argentina,65
1933 à 1952,Aruba,9
1933 à 1952,Australia,18
1933 à 1952,Austria,39
1933 à 1952,Barbados,3
1933 à 1952,Basque Country,10
1933 à 1952,Belgium,27
1933 à 1952,Bolivia,8
1933 à 1952,Brazil,42
1933 à 1952,Brittany,1
1933 à 1952,Bulgaria,12
1933 à 1952,Catalonia,2
1933 à 1952,Chile,25
1933 à 1952,China PR,4
1933 à 1952,Colombia,2
1933 à 1952,Costa Rica,17
1933 à 1952,Croatia,8
1933 à 1952,Cuba,9
1933 à 1952,Curaçao,35
1933 à 1952,Czechoslovakia,37
1933 à 1952,Denmark,38
1933 à 1952,Dominica,3
1933 à 1952,Dominican Republic,1
1933 à 1952,Ecuador,3
1933 à 1952,Egypt,5
1933 à 1952,El Salvador,15
1933 à 1952,England,60
1933 à 1952,Estonia,12
1933 à 1952,Ethiopia,3
1933 à 1952,Finland,16
1933 à 1952,France,40
1933 à 1952,French Guiana,1
1933 à 1952,Germany,76
1933 à 1952,Ghana,1
1933 à 1952,Greece,5
1933 à 1952,Grenada,3
1933 à 1952,Guadeloupe,5
1933 à 1952,Guatemala,10
1933 à 1952,Guyana,10
1933 à 1952,Haiti,13
1933 à 1952,Honduras,2
1933 à 1952,Hungary,71
1933 à 1952,Iceland,2
1933 à 1952,India,4
1933 à 1952,Indonesia,1
1933 à 1952,Iran,2
1933 à 1952,Israel,3
1933 à 1952,Italy,51
1933 à 1952,Jamaica,11
1933 à 1952,Japan,8
1933 à 1952,Kenya,10
1933 à 1952,Latvia,22
1933 à 1952,Lithuania,14
1933 à 1952,Luxembourg,5
1933 à 1952,Madagascar,5
1933 à 1952,Martinique,8
1933 à 1952,Mauritius,12
1933 à 1952,Mexico,14
1933 à 1952,Netherlands,30
1933 à 1952,New Caledonia,2
1933 à 1952,New Zealand,8
1933 à 1952,Nicaragua,1
1933 à 1952,Nigeria,2
1933 à 1952,Northern Ireland,7
1933 à 1952,Norway,30
1933 à 1952,Pakistan,2
1933 à 1952,Panama,11
1933 à 1952,Paraguay,22
1933 à 1952,Peru,20
1933 à 1952,Philippines,1
1933 à 1952,Poland,18
1933 à 1952,Portugal,11
1933 à 1952,Republic of Ireland,14
1933 à 1952,Romania,26
1933 à 1952,Russia,1
1933 à 1952,Réunion,1
1933 à 1952,Saint Lucia,1
1933 à 1952,Scotland,38
1933 à 1952,Silesia,2
1933 à 1952,Slovakia,3
1933 à 1952,South Africa,9
1933 à 1952,South Korea,2
1933 à 1952,Spain,23
1933 à 1952,Suriname,29
1933 à 1952,Sweden,74
1933 à 1952,Switzerland,41
1933 à 1952,Tanzania,6
1933 à 1952,Trinidad and Tobago,41
1933 à 1952,Turkey,10
1933 à 1952,Uganda,15
1933 à 1952,United States,4
1933 à 1952,Uruguay,44
1933 à 1952,Venezuela,3
1933 à 1952,Wales,21
1933 à 1952,Yugoslavia,43
1933 à 1952,Zambia,5
1933 à 1952,Zanzibar,1
1933 à 1952,Zimbabwe,3
1953 à 1972,Albania,3
1953 à 1972,Algeria,19
1953 à 1972,Argentina,89
1953 à 1972,Aruba,1
1953 à 1972,Australia,25
1953 à 1972,Austria,54
1953 à 1972,Bahrain,5
1953 à 1972,Barbados,1
1953 à 1972,Belarus,2
1953 à 1972,Belgium,59
1953 à 1972,Benin,7
1953 à 1972,Bermuda,2
1953 à 1972,Bolivia,15
1953 à 1972,Brazil,146
1953 à 1972,Bulgaria,52
1953 à 1972,Burkina Faso,6
1953 à 1972,Cambodia,15
1953 à 1972,Cameroon,19
1953 à 1972,Canada,5
1953 à 1972,Catalonia,1
1953 à 1972,Central African Republic,1
1953 à 1972,Chile,52
1953 à 1972,China PR,33
1953 à 1972,Colombia,7
1953 à 1972,Congo,22
1953 à 1972,Corsica,1
1953 à 1972,Costa Rica,57
1953 à 1972,Croatia,1
1953 à 1972,Cuba,3
1953 à 1972,Curaçao,35
1953 à 1972,Cyprus,3
1953 à 1972,Czechoslovakia,67
1953 à 1972,DR Congo,35
1953 à 1972,Denmark,55
1953 à 1972,Dominica,5
1953 à 1972,Ecuador,5
1953 à 1972,Egypt,33
1953 à 1972,El Salvador,29
1953 à 1972,England,108
1953 à 1972,Eswatini,2
1953 à 1972,Ethiopia,34
1953 à 1972,Fiji,5
1953 à 1972,Finland,15
1953 à 1972,France,54
1953 à 1972,French Guiana,2
1953 à 1972,Gabon,3
1953 à 1972,Gambia,3
1953 à 1972,German DR,49
1953 à 1972,Germany,95
1953 à 1972,Ghana,60
1953 à 1972,Greece,17
1953 à 1972,Grenada,14
1953 à 1972,Guadeloupe,13
1953 à 1972,Guatemala,26
1953 à 1972,Guinea,28
1953 à 1972,Guinea-Bissau,3
1953 à 1972,Guyana,1
1953 à 1972,Haiti,40
1953 à 1972,Honduras,22
1953 à 1972,Hong Kong,28
1953 à 1972,Hungary,108
1953 à 1972,Iceland,6
1953 à 1972,India,39
1953 à 1972,Indonesia,81
1953 à 1972,Iran,17
1953 à 1972,Iraq,20
1953 à 1972,Israel,27
1953 à 1972,Italy,63
1953 à 1972,Ivory Coast,28
1953 à 1972,Jamaica,17
1953 à 1972,Japan,31
1953 à 1972,Jordan,3
1953 à 1972,Kenya,61
1953 à 1972,Kuwait,15
1953 à 1972,Laos,2
1953 à 1972,Lebanon,9
1953 à 1972,Lesotho,1
1953 à 1972,Liberia,3
1953 à 1972,Libya,14
1953 à 1972,Lithuania,3
1953 à 1972,Luxembourg,4
1953 à 1972,Madagascar,15
1953 à 1972,Malawi,10
1953 à 1972,Malaysia,73
1953 à 1972,Mali,18
1953 à 1972,Malta,4
1953 à 1972,Martinique,21
1953 à 1972,Mauritius,13
1953 à 1972,Mexico,80
1953 à 1972,Moldova,1
1953 à 1972,Morocco,22
1953 à 1972,Myanmar,58
1953 à 1972,Netherlands,54
1953 à 1972,New Caledonia,32
1953 à 1972,New Zealand,14
1953 à 1972,Nicaragua,3
1953 à 1972,Niger,1
1953 à 1972,Nigeria,37
1953 à 1972,North Korea,23
1953 à 1972,North Vietnam,7
1953 à 1972,Northern Ireland,29
1953 à 1972,Norway,48
1953 à 1972,Pakistan,7
1953 à 1972,Palestine,3
1953 à 1972,Panama,7
1953 à 1972,Papua New Guinea,5
1953 à 1972,Paraguay,46
1953 à 1972,Peru,35
1953 à 1972,Philippines,4
1953 à 1972,Poland,47
1953 à 1972,Portugal,44
1953 à 1972,Puerto Rico,1
1953 à 1972,Republic of Ireland,27
1953 à 1972,Romania,41
1953 à 1972,Russia,96
1953 à 1972,Réunion,3
1953 à 1972,Saarland,1
1953 à 1972,Saint Lucia,11
1953 à 1972,Saint Vincent and the Grenadines,11
1953 à 1972,Saudi Arabia,4
1953 à 1972,Scotland,56
1953 à 1972,Senegal,16
1953 à 1972,Sierra Leone,9
1953 à 1972,Singapore,36
1953 à 1972,Solomon Islands,1
1953 à 1972,South Africa,6
1953 à 1972,South Korea,88
1953 à 1972,Spain,52
1953 à 1972,Sri Lanka,2
1953 à 1972,Sudan,24
1953 à 1972,Suriname,38
1953 à 1972,Sweden,89
1953 à 1972,Switzerland,32
1953 à 1972,Syria,10
1953 à 1972,Tahiti,19
1953 à 1972,Taiwan,20
1953 à 1972,Tanzania,26
1953 à 1972,Thailand,37
1953 à 1972,Togo,9
1953 à 1972,Trinidad and Tobago,35
1953 à 1972,Tunisia,20
1953 à 1972,Turkey,32
1953 à 1972,Uganda,48
1953 à 1972,United Arab Emirates,1
1953 à 1972,United States,8
1953 à 1972,Uruguay,61
1953 à 1972,Vanuatu,4
1953 à 1972,Venezuela,5
1953 à 1972,Vietnam Republic,61
1953 à 1972,Wales,23
1953 à 1972,Western Australia,10
1953 à 1972,Yemen DPR,2
1953 à 1972,Yugoslavia,83
1953 à 1972,Zambia,41
1953 à 1972,Zanzibar,5
1953 à 1972,Zimbabwe,5
1973 à 1992,Afghanistan,1
1973 à 1992,Albania,8
1973 à 1992,Algeria,80
1973 à 1992,American Samoa,1
1973 à 1992,Angola,23
1973 à 1992,Antigua and Barbuda,11
1973 à 1992,Argentina,91
1973 à 1992,Australia,58
1973 à 1992,Austria,64
1973 à 1992,Bahrain,30
1973 à 1992,Bangladesh,8
1973 à 1992,Barbados,18
1973 à 1992,Basque Country,1
1973 à 1992,Belarus,2
1973 à 1992,Belgium,66
1973 à 1992,Benin,9
1973 à 1992,Bermuda,12
1973 à 1992,Bolivia,18
1973 à 1992,Botswana,5
1973 à 1992,Brazil,139
1973 à 1992,British Virgin Islands,2
1973 à 1992,Brunei,1
1973 à 1992,Bulgaria,71
1973 à 1992,Burkina Faso,29
1973 à 1992,Burundi,6
1973 à 1992,Cambodia,5
1973 à 1992,Cameroon,77
1973 à 1992,Canada,38
1973 à 1992,Cape Verde,11
1973 à 1992,Cayman Islands,1
1973 à 1992,Central African Republic,2
1973 à 1992,Chad,7
1973 à 1992,Chile,65
1973 à 1992,China PR,87
1973 à 1992,Colombia,45
1973 à 1992,Congo,45
1973 à 1992,Costa Rica,35
1973 à 1992,Croatia,4
1973 à 1992,Cuba,17
1973 à 1992,Curaçao,11
1973 à 1992,Cyprus,6
1973 à 1992,Czechoslovakia,80
1973 à 1992,DR Congo,49
1973 à 1992,Denmark,83
1973 à 1992,Djibouti,1
1973 à 1992,Dominica,4
1973 à 1992,Dominican Republic,1
1973 à 1992,Ecuador,23
1973 à 1992,Egypt,81
1973 à 1992,El Salvador,36
1973 à 1992,England,117
1973 à 1992,Equatorial Guinea,1
1973 à 1992,Eritrea,1
1973 à 1992,Eswatini,4
1973 à 1992,Ethiopia,30
1973 à 1992,Faroe Islands,14
1973 à 1992,Fiji,32
1973 à 1992,Finland,30
1973 à 1992,France,82
1973 à 1992,French Guiana,7
1973 à 1992,Gabon,29
1973 à 1992,Gambia,22
1973 à 1992,Georgia,3
1973 à 1992,German DR,91
1973 à 1992,Germany,127
1973 à 1992,Ghana,82
1973 à 1992,Greece,52
1973 à 1992,Greenland,1
1973 à 1992,Grenada,10
1973 à 1992,Guadeloupe,19
1973 à 1992,Guam,2
1973 à 1992,Guatemala,31
1973 à 1992,Guinea,55
1973 à 1992,Guinea-Bissau,17
1973 à 1992,Guyana,16
1973 à 1992,Haiti,40
1973 à 1992,Honduras,44
1973 à 1992,Hong Kong,33
1973 à 1992,Hungary,83
1973 à 1992,Iceland,38
1973 à 1992,India,18
1973 à 1992,Indonesia,45
1973 à 1992,Iran,51
1973 à 1992,Iraq,86
1973 à 1992,Isle of Wight,1
1973 à 1992,Israel,28
1973 à 1992,Italy,99
1973 à 1992,Ivory Coast,87
1973 à 1992,Jamaica,27
1973 à 1992,Japan,51
1973 à 1992,Jersey,3
1973 à 1992,Jordan,15
1973 à 1992,Kazakhstan,5
1973 à 1992,Kenya,67
1973 à 1992,Kuwait,84
1973 à 1992,Laos,1
1973 à 1992,Latvia,2
1973 à 1992,Lesotho,6
1973 à 1992,Liberia,20
1973 à 1992,Libya,39
1973 à 1992,Liechtenstein,2
1973 à 1992,Lithuania,6
1973 à 1992,Luxembourg,2
1973 à 1992,Macau,5
1973 à 1992,Madagascar,20
1973 à 1992,Malawi,108
1973 à 1992,Malaysia,83
1973 à 1992,Mali,60
1973 à 1992,Malta,15
1973 à 1992,Martinique,30
1973 à 1992,Mauritania,7
1973 à 1992,Mauritius,19
1973 à 1992,Mexico,86
1973 à 1992,Moldova,3
1973 à 1992,Montenegro,1
1973 à 1992,Morocco,73
1973 à 1992,Mozambique,20
1973 à 1992,Myanmar,33
1973 à 1992,Nepal,5
1973 à 1992,Netherlands,89
1973 à 1992,New Caledonia,35
1973 à 1992,New Zealand,60
1973 à 1992,Niger,17
1973 à 1992,Nigeria,78
1973 à 1992,North Korea,34
1973 à 1992,Northern Ireland,41
1973 à 1992,Norway,48
1973 à 1992,Oman,6
1973 à 1992,Pakistan,8
1973 à 1992,Palestine,2
1973 à 1992,Panama,15
1973 à 1992,Papua New Guinea,10
1973 à 1992,Paraguay,59
1973 à 1992,Peru,47
1973 à 1992,Philippines,1
1973 à 1992,Poland,118
1973 à 1992,Portugal,53
1973 à 1992,Puerto Rico,2
1973 à 1992,Qatar,53
1973 à 1992,Republic of Ireland,56
1973 à 1992,Romania,73
1973 à 1992,Russia,113
1973 à 1992,Rwanda,3
1973 à 1992,Réunion,10
1973 à 1992,Saint Kitts and Nevis,8
1973 à 1992,Saint Lucia,9
1973 à 1992,Saint Martin,2
1973 à 1992,Saint Vincent and the Grenadines,19
1973 à 1992,Samoa,1
1973 à 1992,Saudi Arabia,66
1973 à 1992,Scotland,73
1973 à 1992,Senegal,85
1973 à 1992,Seychelles,3
1973 à 1992,Shetland,2
1973 à 1992,Sierra Leone,30
1973 à 1992,Silesia,1
1973 à 1992,Singapore,32
1973 à 1992,Sint Maarten,1
1973 à 1992,Slovakia,2
1973 à 1992,Solomon Islands,14
1973 à 1992,Somalia,4
1973 à 1992,South Africa,3
1973 à 1992,South Korea,163
1973 à 1992,Spain,80
1973 à 1992,Sri Lanka,1
1973 à 1992,Sudan,30
1973 à 1992,Suriname,35
1973 à 1992,Sweden,94
1973 à 1992,Switzerland,56
1973 à 1992,Syria,29
1973 à 1992,Tahiti,40
1973 à 1992,Taiwan,4
1973 à 1992,Tanzania,34
1973 à 1992,Thailand,59
1973 à 1992,Togo,39
1973 à 1992,Tonga,2
1973 à 1992,Trinidad and Tobago,58
1973 à 1992,Tunisia,68
1973 à 1992,Turkey,32
1973 à 1992,Turkmenistan,2
1973 à 1992,Tuvalu,1
1973 à 1992,Uganda,67
1973 à 1992,Ukraine,1
1973 à 1992,United Arab Emirates,51
1973 à 1992,United States,50
1973 à 1992,Uruguay,80
1973 à 1992,Uzbekistan,3
1973 à 1992,Vanuatu,13
1973 à 1992,Venezuela,5
1973 à 1992,Vietnam Republic,7
1973 à 1992,Wales,52
1973 à 1992,Wallis Islands and Futuna,5
1973 à 1992,Western Australia,1
1973 à 1992,Yemen,2
1973 à 1992,Yemen DPR,3
1973 à 1992,Ynys Môn,6
1973 à 1992,Yugoslavia,75
1973 à 1992,Zambia,119
1973 à 1992,Zanzibar,8
1973 à 1992,Zimbabwe,56
1973 à 1992,Åland Islands,4
1993 à 2012,Afghanistan,9
1993 à 2012,Albania,43
1993 à 2012,Alderney,1
1993 à 2012,Algeria,72
1993 à 2012,American Samoa,1
1993 à 2012,Andalusia,7
1993 à 2012,Andorra,3
1993 à 2012,Angola,77
1993 à 2012,Anguilla,3
1993 à 2012,Antigua and Barbuda,41
1993 à 2012,Arameans Suryoye,2
1993 à 2012,Argentina,151
1993 à 2012,Armenia,34
1993 à 2012,Artsakh,1
1993 à 2012,Aruba,6
1993 à 2012,Australia,119
1993 à 2012,Austria,61
1993 à 2012,Azerbaijan,32
1993 à 2012,Bahamas,7
1993 à 2012,Bahrain,97
1993 à 2012,Bangladesh,30
1993 à 2012,Barbados,48
1993 à 2012,Basque Country,15
1993 à 2012,Belarus,49
1993 à 2012,Belgium,76
1993 à 2012,Belize,10
1993 à 2012,Benin,28
1993 à 2012,Bermuda,27
1993 à 2012,Bhutan,4
1993 à 2012,Bolivia,51
1993 à 2012,Bonaire,1
1993 à 2012,Bosnia and Herzegovina,56
1993 à 2012,Botswana,44
1993 à 2012,Brazil,212
1993 à 2012,British Virgin Islands,14
1993 à 2012,Brittany,2
1993 à 2012,Brunei,5
1993 à 2012,Bulgaria,85
1993 à 2012,Burkina Faso,59
1993 à 2012,Burundi,36
1993 à 2012,Cambodia,11
1993 à 2012,Cameroon,104
1993 à 2012,Canada,67
1993 à 2012,Canary Islands,3
1993 à 2012,Cape Verde,28
1993 à 2012,Catalonia,10
1993 à 2012,Cayman Islands,14
1993 à 2012,Central African Republic,8
1993 à 2012,Chad,11
1993 à 2012,Chile,104
1993 à 2012,China PR,119
1993 à 2012,Colombia,117
1993 à 2012,Comoros,2
1993 à 2012,Congo,38
1993 à 2012,Cook Islands,7
1993 à 2012,Corsica,2
1993 à 2012,Costa Rica,116
1993 à 2012,Crimea,3
1993 à 2012,Croatia,111
1993 à 2012,Cuba,74
1993 à 2012,Curaçao,18
1993 à 2012,Cyprus,48
1993 à 2012,Czech Republic,127
1993 à 2012,DR Congo,64
1993 à 2012,Denmark,105
1993 à 2012,Djibouti,1
1993 à 2012,Dominica,23
1993 à 2012,Dominican Republic,28
1993 à 2012,Ecuador,96
1993 à 2012,Egypt,156
1993 à 2012,El Salvador,68
1993 à 2012,England,123
1993 à 2012,Equatorial Guinea,18
1993 à 2012,Eritrea,10
1993 à 2012,Estonia,62
1993 à 2012,Eswatini,29
1993 à 2012,Ethiopia,48
1993 à 2012,Falkland Islands,3
1993 à 2012,Faroe Islands,17
1993 à 2012,Fiji,49
1993 à 2012,Finland,79
1993 à 2012,France,153
1993 à 2012,French Guiana,18
1993 à 2012,Frøya,6
1993 à 2012,Gabon,70
1993 à 2012,Galicia,2
1993 à 2012,Gambia,19
1993 à 2012,Georgia,49
1993 à 2012,Germany,171
1993 à 2012,Ghana,105
1993 à 2012,Gibraltar,25
1993 à 2012,Gotland,9
1993 à 2012,Gozo,1
1993 à 2012,Greece,106
1993 à 2012,Greenland,16
1993 à 2012,Grenada,37
1993 à 2012,Guadeloupe,53
1993 à 2012,Guam,14
1993 à 2012,Guatemala,82
1993 à 2012,Guernsey,27
1993 à 2012,Guinea,70
1993 à 2012,Guinea-Bissau,12
1993 à 2012,Guyana,38
1993 à 2012,Haiti,75
1993 à 2012,Hitra,1
1993 à 2012,Honduras,121
1993 à 2012,Hong Kong,38
1993 à 2012,Hungary,75
1993 à 2012,Iceland,58
1993 à 2012,India,54
1993 à 2012,Indonesia,62
1993 à 2012,Iran,153
1993 à 2012,Iraq,107
1993 à 2012,Iraqi Kurdistan,10
1993 à 2012,Isle of Man,17
1993 à 2012,Isle of Wight,20
1993 à 2012,Israel,74
1993 à 2012,Italy,129
1993 à 2012,Ivory Coast,118
1993 à 2012,Jamaica,139
1993 à 2012,Japan,160
1993 à 2012,Jersey,43
1993 à 2012,Jordan,80
1993 à 2012,Kazakhstan,28
1993 à 2012,Kenya,82
1993 à 2012,Kernow,5
1993 à 2012,Kosovo,1
1993 à 2012,Kuwait,118
1993 à 2012,Kyrgyzstan,20
1993 à 2012,Laos,16
1993 à 2012,Latvia,62
1993 à 2012,Lebanon,46
1993 à 2012,Lesotho,24
1993 à 2012,Liberia,32
1993 à 2012,Libya,49
1993 à 2012,Liechtenstein,9
1993 à 2012,Lithuania,61
1993 à 2012,Luxembourg,9
1993 à 2012,Macau,9
1993 à 2012,Madagascar,22
1993 à 2012,Malawi,60
1993 à 2012,Malaysia,61
1993 à 2012,Maldives,30
1993 à 2012,Mali,94
1993 à 2012,Malta,23
1993 à 2012,Martinique,62
1993 à 2012,Mauritania,10
1993 à 2012,Mauritius,16
1993 à 2012,Mayotte,3
1993 à 2012,Menorca,5
1993 à 2012,Mexico,201
1993 à 2012,Micronesia,1
1993 à 2012,Moldova,31
1993 à 2012,Monaco,3
1993 à 2012,Mongolia,9
1993 à 2012,Montenegro,19
1993 à 2012,Montserrat,3
1993 à 2012,Morocco,109
1993 à 2012,Mozambique,60
1993 à 2012,Myanmar,44
1993 à 2012,Namibia,35
1993 à 2012,Nepal,23
1993 à 2012,Netherlands,141
1993 à 2012,New Caledonia,40
1993 à 2012,New Zealand,50
1993 à 2012,Nicaragua,11
1993 à 2012,Niger,18
1993 à 2012,Nigeria,108
1993 à 2012,North Korea,62
1993 à 2012,North Macedonia,49
1993 à 2012,Northern Cyprus,11
1993 à 2012,Northern Ireland,41
1993 à 2012,Northern Mariana Islands,1
1993 à 2012,Norway,109
1993 à 2012,Occitania,6
1993 à 2012,Oman,120
1993 à 2012,Orkney,2
1993 à 2012,Padania,13
1993 à 2012,Pakistan,15
1993 à 2012,Palestine,21
1993 à 2012,Panama,73
1993 à 2012,Papua New Guinea,14
1993 à 2012,Paraguay,99
1993 à 2012,Peru,65
1993 à 2012,Philippines,28
1993 à 2012,Poland,113
1993 à 2012,Portugal,126
1993 à 2012,Provence,4
1993 à 2012,Puerto Rico,16
1993 à 2012,Qatar,103
1993 à 2012,Raetia,1
1993 à 2012,Republic of Ireland,92
1993 à 2012,Republic of St. Pauli,1
1993 à 2012,Rhodes,11
1993 à 2012,Romania,117
1993 à 2012,Russia,106
1993 à 2012,Rwanda,57
1993 à 2012,Réunion,13
1993 à 2012,Saare County,3
1993 à 2012,Saint Kitts and Nevis,49
1993 à 2012,Saint Lucia,36
1993 à 2012,Saint Martin,7
1993 à 2012,Saint Vincent and the Grenadines,30
1993 à 2012,Samoa,12
1993 à 2012,San Marino,1
1993 à 2012,Saudi Arabia,189
1993 à 2012,Scotland,71
1993 à 2012,Senegal,94
1993 à 2012,Serbia,91
1993 à 2012,Seychelles,7
1993 à 2012,Shetland,12
1993 à 2012,Sierra Leone,34
1993 à 2012,Singapore,77
1993 à 2012,Sint Maarten,7
1993 à 2012,Slovakia,80
1993 à 2012,Slovenia,64
1993 à 2012,Solomon Islands,45
1993 à 2012,Somalia,5
1993 à 2012,South Africa,119
1993 à 2012,South Korea,151
1993 à 2012,Spain,171
1993 à 2012,Sri Lanka,31
1993 à 2012,Sudan,71
1993 à 2012,Suriname,37
1993 à 2012,Sweden,127
1993 à 2012,Switzerland,84
1993 à 2012,Syria,86
1993 à 2012,Sápmi,6
1993 à 2012,São Tomé and Príncipe,4
1993 à 2012,Tahiti,43
1993 à 2012,Taiwan,10
1993 à 2012,Tajikistan,39
1993 à 2012,Tamil Eelam,1
1993 à 2012,Tanzania,63
1993 à 2012,Thailand,109
1993 à 2012,Timor-Leste,2
1993 à 2012,Togo,60
1993 à 2012,Tonga,12
1993 à 2012,Trinidad and Tobago,134
1993 à 2012,Tunisia,121
1993 à 2012,Turkey,100
1993 à 2012,Turkmenistan,39
1993 à 2012,Turks and Caicos Islands,2
1993 à 2012,Tuvalu,3
1993 à 2012,Two Sicilies,1
1993 à 2012,Uganda,94
1993 à 2012,Ukraine,78
1993 à 2012,United Arab Emirates,109
1993 à 2012,United States,166
1993 à 2012,United States Virgin Islands,3
1993 à 2012,Uruguay,96
1993 à 2012,Uzbekistan,81
1993 à 2012,Vanuatu,31
1993 à 2012,Venezuela,63
1993 à 2012,Vietnam,53
1993 à 2012,Wales,51
1993 à 2012,Western Isles,7
1993 à 2012,Western Sahara,2
1993 à 2012,Yemen,35
1993 à 2012,Ynys Môn,17
1993 à 2012,Zambia,131
1993 à 2012,Zanzibar,22
1993 à 2012,Zimbabwe,93
1993 à 2012,Åland Islands,14
2013 à 2023,Abkhazia,12
2013 à 2023,Afghanistan,24
2013 à 2023,Albania,40
2013 à 2023,Alderney,2
2013 à 2023,Algeria,74
2013 à 2023,American Samoa,3
2013 à 2023,Andalusia,1
2013 à 2023,Andorra,9
2013 à 2023,Angola,31
2013 à 2023,Antigua and Barbuda,19
2013 à 2023,Arameans Suryoye,3
2013 à 2023,Argentina,88
2013 à 2023,Armenia,27
2013 à 2023,Artsakh,5
2013 à 2023,Aruba,12
2013 à 2023,Australia,54
2013 à 2023,Austria,58
2013 à 2023,Azerbaijan,25
2013 à 2023,Bahamas,6
2013 à 2023,Bahrain,58
2013 à 2023,Bangladesh,22
2013 à 2023,Barawa,3
2013 à 2023,Barbados,16
2013 à 2023,Basque Country,5
2013 à 2023,Belarus,33
2013 à 2023,Belgium,94
2013 à 2023,Belize,13
2013 à 2023,Benin,23
2013 à 2023,Bermuda,19
2013 à 2023,Bhutan,6
2013 à 2023,Biafra,2
2013 à 2023,Bolivia,19
2013 à 2023,Bonaire,11
2013 à 2023,Bosnia and Herzegovina,42
2013 à 2023,Botswana,30
2013 à 2023,Brazil,98
2013 à 2023,British Virgin Islands,1
2013 à 2023,Brittany,1
2013 à 2023,Brunei,7
2013 à 2023,Bulgaria,27
2013 à 2023,Burkina Faso,49
2013 à 2023,Burundi,21
2013 à 2023,Cambodia,22
2013 à 2023,Cameroon,52
2013 à 2023,Canada,49
2013 à 2023,Cape Verde,33
2013 à 2023,Cascadia,4
2013 à 2023,Catalonia,2
2013 à 2023,Cayman Islands,5
2013 à 2023,Central African Republic,11
2013 à 2023,Chad,5
2013 à 2023,Chagos Islands,1
2013 à 2023,Chameria,3
2013 à 2023,Chile,54
2013 à 2023,China PR,45
2013 à 2023,Colombia,61
2013 à 2023,Comoros,16
2013 à 2023,Congo,23
2013 à 2023,Cook Islands,2
2013 à 2023,Corsica,1
2013 à 2023,Costa Rica,60
2013 à 2023,County of Nice,6
2013 à 2023,Croatia,70
2013 à 2023,Cuba,23
2013 à 2023,Curaçao,25
2013 à 2023,Cyprus,18
2013 à 2023,Czech Republic,53
2013 à 2023,DR Congo,43
2013 à 2023,Denmark,63
2013 à 2023,Djibouti,5
2013 à 2023,Dominica,14
2013 à 2023,Dominican Republic,21
2013 à 2023,Ecuador,44
2013 à 2023,Egypt,69
2013 à 2023,El Salvador,35
2013 à 2023,Ellan Vannin,7
2013 à 2023,England,84
2013 à 2023,Equatorial Guinea,21
2013 à 2023,Estonia,38
2013 à 2023,Eswatini,16
2013 à 2023,Ethiopia,30
2013 à 2023,Falkland Islands,3
2013 à 2023,Faroe Islands,17
2013 à 2023,Felvidék,3
2013 à 2023,Fiji,15
2013 à 2023,Finland,46
2013 à 2023,France,94
2013 à 2023,French Guiana,26
2013 à 2023,Frøya,1
2013 à 2023,Gabon,29
2013 à 2023,Gambia,18
2013 à 2023,Georgia,37
2013 à 2023,Germany,78
2013 à 2023,Ghana,58
2013 à 2023,Gibraltar,9
2013 à 2023,Gotland,2
2013 à 2023,Gozo,2
2013 à 2023,Greece,45
2013 à 2023,Greenland,8
2013 à 2023,Grenada,15
2013 à 2023,Guadeloupe,19
2013 à 2023,Guam,7
2013 à 2023,Guatemala,36
2013 à 2023,Guernsey,13
2013 à 2023,Guinea,35
2013 à 2023,Guinea-Bissau,16
2013 à 2023,Guyana,19
2013 à 2023,Haiti,32
2013 à 2023,Hitra,3
2013 à 2023,Hmong,1
2013 à 2023,Honduras,40
2013 à 2023,Hong Kong,25
2013 à 2023,Hungary,47
2013 à 2023,Iceland,46
2013 à 2023,India,42
2013 à 2023,Indonesia,35
2013 à 2023,Iran,76
2013 à 2023,Iraq,54
2013 à 2023,Iraqi Kurdistan,3
2013 à 2023,Isle of Man,14
2013 à 2023,Isle of Wight,5
2013 à 2023,Israel,33
2013 à 2023,Italy,71
2013 à 2023,Ivory Coast,65
2013 à 2023,Jamaica,40
2013 à 2023,Japan,85
2013 à 2023,Jersey,14
2013 à 2023,Jordan,59
2013 à 2023,Kabylia,1
2013 à 2023,Kazakhstan,28
2013 à 2023,Kenya,34
2013 à 2023,Kernow,2
2013 à 2023,Kosovo,27
2013 à 2023,Kuwait,38
2013 à 2023,Kyrgyzstan,32
2013 à 2023,Kárpátalja,5
2013 à 2023,Laos,15
2013 à 2023,Latvia,21
2013 à 2023,Lebanon,27
2013 à 2023,Lesotho,17
2013 à 2023,Liberia,15
2013 à 2023,Libya,33
2013 à 2023,Liechtenstein,6
2013 à 2023,Lithuania,17
2013 à 2023,Luxembourg,27
2013 à 2023,Macau,7
2013 à 2023,Madagascar,28
2013 à 2023,Malawi,28
2013 à 2023,Malaysia,45
2013 à 2023,Maldives,25
2013 à 2023,Mali,46
2013 à 2023,Malta,17
2013 à 2023,Mapuche,1
2013 à 2023,Martinique,22
2013 à 2023,Matabeleland,3
2013 à 2023,Maule Sur,2
2013 à 2023,Mauritania,33
2013 à 2023,Mauritius,13
2013 à 2023,Menorca,6
2013 à 2023,Mexico,102
2013 à 2023,Moldova,18
2013 à 2023,Monaco,2
2013 à 2023,Mongolia,12
2013 à 2023,Montenegro,29
2013 à 2023,Montserrat,12
2013 à 2023,Morocco,75
2013 à 2023,Mozambique,29
2013 à 2023,Myanmar,26
2013 à 2023,Namibia,33
2013 à 2023,Nepal,22
2013 à 2023,Netherlands,73
2013 à 2023,New Caledonia,15
2013 à 2023,New Zealand,23
2013 à 2023,Nicaragua,30
2013 à 2023,Niger,19
2013 à 2023,Nigeria,67
2013 à 2023,North Korea,26
2013 à 2023,North Macedonia,38
2013 à 2023,Northern Cyprus,9
2013 à 2023,Northern Ireland,35
2013 à 2023,Northern Mariana Islands,1
2013 à 2023,Norway,48
2013 à 2023,Occitania,2
2013 à 2023,Oman,64
2013 à 2023,Orkney,4
2013 à 2023,Padania,16
2013 à 2023,Pakistan,8
2013 à 2023,Palestine,35
2013 à 2023,Panama,56
2013 à 2023,Panjab,5
2013 à 2023,Papua New Guinea,10
2013 à 2023,Paraguay,23
2013 à 2023,Parishes of Jersey,2
2013 à 2023,Peru,48
2013 à 2023,Philippines,34
2013 à 2023,Poland,59
2013 à 2023,Portugal,88
2013 à 2023,Puerto Rico,15
2013 à 2023,Qatar,86
2013 à 2023,Raetia,1
2013 à 2023,Republic of Ireland,39
2013 à 2023,Romani people,1
2013 à 2023,Romania,47
2013 à 2023,Russia,48
2013 à 2023,Rwanda,28
2013 à 2023,Saare County,2
2013 à 2023,Saint Kitts and Nevis,23
2013 à 2023,Saint Lucia,19
2013 à 2023,Saint Martin,9
2013 à 2023,Saint Vincent and the Grenadines,16
2013 à 2023,Samoa,3
2013 à 2023,Saudi Arabia,61
2013 à 2023,Scotland,48
2013 à 2023,Senegal,71
2013 à 2023,Serbia,55
2013 à 2023,Seychelles,6
2013 à 2023,Shetland,7
2013 à 2023,Sierra Leone,13
2013 à 2023,Singapore,34
2013 à 2023,Sint Maarten,7
2013 à 2023,Slovakia,51
2013 à 2023,Slovenia,41
2013 à 2023,Solomon Islands,18
2013 à 2023,Somalia,1
2013 à 2023,Somaliland,2
2013 à 2023,South Africa,58
2013 à 2023,South Korea,79
2013 à 2023,South Ossetia,4
2013 à 2023,South Sudan,12
2013 à 2023,Spain,86
2013 à 2023,Sri Lanka,7
2013 à 2023,Sudan,22
2013 à 2023,Suriname,24
2013 à 2023,Surrey,1
2013 à 2023,Sweden,66
2013 à 2023,Switzerland,63
2013 à 2023,Syria,36
2013 à 2023,Székely Land,8
2013 à 2023,Sápmi,5
2013 à 2023,São Tomé and Príncipe,4
2013 à 2023,Tahiti,10
2013 à 2023,Taiwan,19
2013 à 2023,Tajikistan,27
2013 à 2023,Tamil Eelam,8
2013 à 2023,Tanzania,28
2013 à 2023,Thailand,45
2013 à 2023,Timor-Leste,4
2013 à 2023,Togo,22
2013 à 2023,Trinidad and Tobago,38
2013 à 2023,Tunisia,65
2013 à 2023,Turkey,60
2013 à 2023,Turkmenistan,14
2013 à 2023,Turks and Caicos Islands,8
2013 à 2023,Tuvalu,2
2013 à 2023,Uganda,52
2013 à 2023,Ukraine,59
2013 à 2023,United Arab Emirates,69
2013 à 2023,United Koreans in Japan,2
2013 à 2023,United States,96
2013 à 2023,United States Virgin Islands,5
2013 à 2023,Uruguay,64
2013 à 2023,Uzbekistan,59
2013 à 2023,Vanuatu,9
2013 à 2023,Venezuela,30
2013 à 2023,Vietnam,41
2013 à 2023,Wales,44
2013 à 2023,Western Armenia,5
2013 à 2023,Western Isles,6
2013 à 2023,Yemen,10
2013 à 2023,Ynys Môn,12
2013 à 2023,Yorkshire,5
2013 à 2023,Zambia,55
2013 à 2023,Zanzibar,5
2013 à 2023,Zimbabwe,38
2013 à 2023,Åland Islands,3
